{"graph": {"_type": "graph-file", "path": "media/graph/graph_summary_d2c140b6d951315d6d43.graph.json", "sha256": "d2c140b6d951315d6d43e8c42f102dd50cb8c0a6f40e865d07dab04651a72148", "size": 2470}, "epoch": 499, "loss": 0.9927213191986084, "sparse_categorical_accuracy": 0.5330347418785095, "val_loss": 0.9931710958480835, "val_sparse_categorical_accuracy": 0.5316351652145386, "_runtime": 4708, "_timestamp": 1643822768, "_step": 1749, "best_val_loss": 0.9915458559989929, "best_epoch": 493, "_wandb": {"runtime": 4936}}