{"graph": {"_type": "graph-file", "path": "media/graph/graph_summary_3cfef154cab2cd4fe004.graph.json", "sha256": "3cfef154cab2cd4fe004a47f48bebd4953a232f72b1ff31d8e2a78846f299f17", "size": 1042}, "epoch": 399, "loss": 0.9529814124107361, "sparse_categorical_accuracy": 0.5563678741455078, "val_loss": 0.9878084659576416, "val_sparse_categorical_accuracy": 0.5307973623275757, "_runtime": 888, "_timestamp": 1642445822, "_step": 399, "best_val_loss": 0.9814378619194031, "best_epoch": 231}