{"graph": {"_type": "graph-file", "path": "media/graph/graph_summary_3c8ec2152f6db842ee9e.graph.json", "sha256": "3c8ec2152f6db842ee9ed7ac434721f28709cdf1397e98bd386991bb1e734007", "size": 1042}, "epoch": 340, "loss": 0.9317876696586609, "sparse_categorical_accuracy": 0.5639047026634216, "val_loss": 1.007125735282898, "val_sparse_categorical_accuracy": 0.5164478421211243, "_runtime": 12533, "_timestamp": 1642444722, "_step": 1642, "best_val_loss": 0.9779793620109558, "best_epoch": 131}