{"graph": {"_type": "graph-file", "path": "media/graph/graph_summary_042d9952bd85e4cc3fd8.graph.json", "sha256": "042d9952bd85e4cc3fd80693f1530f38c590be7fbf1becaa6beff8f74ac54968", "size": 2923}, "epoch": 499, "loss": 0.9976114630699158, "sparse_categorical_accuracy": 0.5358287692070007, "val_loss": 0.9976047277450562, "val_sparse_categorical_accuracy": 0.5311421751976013, "_runtime": 2699, "_timestamp": 1643831516, "_step": 999, "best_val_loss": 0.9965716600418091, "best_epoch": 430}