{"graph": {"_type": "graph-file", "path": "media/graph/graph_summary_2aaa6e81f0f23379c014.graph.json", "sha256": "2aaa6e81f0f23379c014642091f47960836ecc21aa79aba3b7ea9b570ec5d9bc", "size": 2470}, "epoch": 499, "loss": 0.9881274104118347, "sparse_categorical_accuracy": 0.5338565111160278, "val_loss": 0.9954147934913635, "val_sparse_categorical_accuracy": 0.5324568748474121, "_runtime": 2521, "_timestamp": 1643826995, "_step": 999, "best_val_loss": 0.993889570236206, "best_epoch": 387, "_wandb": {"runtime": 4331}}