{"graph": {"_type": "graph-file", "path": "media/graph/graph_summary_ad528c949ef625f8fa01.graph.json", "sha256": "ad528c949ef625f8fa01846d1901e89e77506c5f04a39aa64efa26347eedbe62", "size": 2446}, "epoch": 499, "loss": 1.00314199924469, "sparse_categorical_accuracy": 0.5275289416313171, "val_loss": 1.0034915208816528, "val_sparse_categorical_accuracy": 0.5271980166435242, "_runtime": 1335, "_timestamp": 1643817905, "_step": 499, "best_val_loss": 1.0008695125579834, "best_epoch": 493, "_wandb": {"runtime": 1331}}