{"graph": {"_type": "graph-file", "path": "media/graph/graph_summary_2aaa6e81f0f23379c014.graph.json", "sha256": "2aaa6e81f0f23379c014642091f47960836ecc21aa79aba3b7ea9b570ec5d9bc", "size": 2470}, "epoch": 499, "loss": 0.9998080134391785, "sparse_categorical_accuracy": 0.5293368101119995, "val_loss": 1.0006864070892334, "val_sparse_categorical_accuracy": 0.5283483862876892, "_runtime": 1316, "_timestamp": 1643824328, "_step": 499, "best_val_loss": 0.9981769323348999, "best_epoch": 495, "_wandb": {"runtime": 1311}}